id,name,sku,unit,category,min_stock,created_at,updated_at
2964422e-9c6e-4ba8-aa9d-2a908f93a8b4,ÁCIDO ALLPLAN (3 UN),SKU140,UN,MATERIAL ODONTOLÓGICO,99,2026-04-21 23:39:56.021824+00,2026-04-22 16:46:25.006913+00
fbbbcf91-ae52-41c1-95f5-aec335681b01,ÁCIDO MURIÁTICO,SKU080,UN,LIMPEZA,4,2026-04-21 23:39:43.739252+00,2026-04-21 23:39:43.739252+00
01d70100-9883-4dd6-9a7e-5894d0baac3d,AÇUCAR,SKU081,UN,LIMPEZA,14,2026-04-21 23:39:43.966195+00,2026-04-21 23:39:43.966195+00
cc30dfaa-52a8-4b70-9457-7a2c5f489499,ADESIVO ÂMBAR (4 ML),SKU141,UN,MATERIAL ODONTOLÓGICO,31,2026-04-21 23:39:56.208021+00,2026-04-21 23:39:56.208021+00
7a0660c8-ab2a-45f2-ad3b-d2cdebc32f4e,ÁGUA DESTILADA (5 L),SKU142,UN,MATERIAL ODONTOLÓGICO,63,2026-04-21 23:39:56.406844+00,2026-04-21 23:39:56.406844+00
3f689ab8-9375-4451-b61e-51c175bdd49d,ÁGUA OXIGENADA (1 L),SKU143,UN,MATERIAL ODONTOLÓGICO,2,2026-04-21 23:39:56.600782+00,2026-04-21 23:39:56.600782+00
6b217023-4db1-46a7-9774-bb98464041fa,AGULHA GENGIVAL CURTA (100 UN),SKU144,UN,MATERIAL ODONTOLÓGICO,12,2026-04-21 23:40:14.110988+00,2026-04-21 23:40:14.110988+00
7893eaf2-8698-49a3-9751-4c197209c192,ALAVANCA (LANÇA),SKU335,UN,INSTRUMENTAL,1,2026-04-21 23:40:54.33081+00,2026-04-21 23:40:54.33081+00
77d08fd0-c437-448c-ac2f-69197f40a192,ALAVANCA (RETA),SKU336,UN,INSTRUMENTAL,1,2026-04-21 23:40:54.534965+00,2026-04-21 23:40:54.534965+00
8bb12926-7a43-4cbf-8417-0bb1ab4d8608,"ÁLCOOL ABSOLUTO (99,5%)",SKU082,UN,LIMPEZA,1,2026-04-21 23:39:44.211173+00,2026-04-21 23:39:44.211173+00
966124c5-bbb2-4d62-9b92-92a0be8b80ba,ÁLCOOL GEL (5 L),SKU083,UN,LIMPEZA,1,2026-04-21 23:39:44.447157+00,2026-04-21 23:39:44.447157+00
d53fff97-0cea-468a-beff-e872aa71c936,ÁLCOOL LÍQUIDO 70%,SKU084,UN,LIMPEZA,49,2026-04-21 23:39:44.674119+00,2026-04-21 23:39:44.674119+00
b9564c51-1b4f-4c3d-bbdd-c29dd4f93463,ALGINATO (410 G),SKU145,UN,MATERIAL ODONTOLÓGICO,21,2026-04-21 23:40:14.388528+00,2026-04-21 23:40:14.388528+00
4b04066b-31f6-4751-b7e8-b59d3f671f97,ALGODÃO (500 G),SKU146,UN,MATERIAL ODONTOLÓGICO,8,2026-04-21 23:40:14.6327+00,2026-04-21 23:40:14.6327+00
c2dee9bb-6226-4a97-aeca-dec4e6b71af8,ALMOFADA PARA CARIMBO,SKU001,UN,ESCRITÓRIO,0,2026-04-21 23:39:08.685489+00,2026-04-24 16:35:36.126865+00
579e7d64-175c-4611-9a60-2b059c4abe86,AMPOLA DE TESTE (10 UN),SKU147,UN,MATERIAL ODONTOLÓGICO,120,2026-04-21 23:40:14.926506+00,2026-04-21 23:40:14.926506+00
e7868fbd-2692-454b-bb20-3c72d993662a,ANESTÉSICO ARTICAINE 4% ( UN),SKU148,UN,MATERIAL ODONTOLÓGICO,80,2026-04-21 23:40:15.172406+00,2026-04-21 23:40:15.172406+00
6e824a3c-1611-4bc0-852b-4f0c79bbfdab,ANESTÉSICO MEP 3% ( UN),SKU149,UN,MATERIAL ODONTOLÓGICO,1,2026-04-21 23:40:15.415964+00,2026-04-21 23:40:15.415964+00
69db5648-2bdf-4c7f-a29f-e7bf70178ae2,ANESTÉSICO MEP 3% SEM VASO (UN),SKU150,UN,MATERIAL ODONTOLÓGICO,10,2026-04-21 23:40:15.660296+00,2026-04-21 23:40:15.660296+00
55764595-228b-4ff2-8db1-074120d14d88,ANESTÉSICO NOVOCOL ( UN),SKU151,UN,MATERIAL ODONTOLÓGICO,519,2026-04-21 23:40:15.963312+00,2026-04-21 23:40:15.963312+00
025e319a-b627-4a41-9780-48dae49626e8,ANESTÉSICO PRILONEST 3% (50 UN),SKU152,UN,MATERIAL ODONTOLÓGICO,40,2026-04-21 23:40:16.209412+00,2026-04-21 23:40:16.209412+00
6f07d976-7947-4f10-9118-3c5bb69e3c24,ANESTÉSICO TÓPICO (12 G),SKU153,UN,MATERIAL ODONTOLÓGICO,2,2026-04-21 23:40:16.443773+00,2026-04-21 23:40:16.443773+00
97767b89-9c37-4319-bd47-63b522896db2,ANEXO MULTIMASTER,SKU056,UN,GRÁFICO,1,2026-04-21 23:39:38.045514+00,2026-04-21 23:39:38.045514+00
41473811-f82f-49c3-b843-64eb649f2fe0,APONTADOR,SKU002,UN,ESCRITÓRIO,3,2026-04-21 23:39:08.963031+00,2026-04-21 23:39:08.963031+00
1432493b-78a3-460c-af1c-9c9758bd28db,ARCO P/ ISOLAMENTO,SKU337,UN,INSTRUMENTAL,1,2026-04-21 23:40:54.727444+00,2026-04-21 23:40:54.727444+00
324a92b9-a0ba-4c6a-abd0-cec0aaae5457,AVENTAL,SKU085,UN,LIMPEZA,1,2026-04-21 23:39:44.895713+00,2026-04-21 23:39:44.895713+00
6b0dbb92-6d91-43c8-bd76-09584253d613,BABADOR PLÁSTICO VERDE OU BRANCO (UN),SKU154,UN,MATERIAL ODONTOLÓGICO,3,2026-04-21 23:40:16.785862+00,2026-04-21 23:40:16.785862+00
f505ae9f-fe02-49ed-866f-8d596271e57d,BALDE (15 L),SKU086,UN,LIMPEZA,1,2026-04-21 23:39:45.118827+00,2026-04-21 23:39:45.118827+00
003f1256-c53b-493e-96c7-f5da2bd06736,BAND-AID (40 UN),SKU051,UN,FARMÁCIA,10,2026-04-21 23:39:36.980926+00,2026-04-21 23:39:36.980926+00
490dc1e5-e9f3-4b66-9691-547f5f13eb14,BANDEJA MEDIA,SKU338,UN,INSTRUMENTAL,1,2026-04-21 23:40:54.926144+00,2026-04-21 23:40:54.926144+00
c8e8e475-00bb-42c5-837b-08a879750eb1,BANDEJA PEQUENA,SKU339,UN,INSTRUMENTAL,1,2026-04-21 23:40:55.125092+00,2026-04-21 23:40:55.125092+00
4d3ca4da-6370-427f-8695-ed0b8536b4a1,BICARBONATO DE SÓDIO,SKU155,UN,MATERIAL ODONTOLÓGICO,1,2026-04-21 23:40:17.045408+00,2026-04-21 23:40:17.045408+00
2b206135-1efa-46f8-a206-25a4d88067cd,BISTURI DE PERIODONTIA,SKU340,UN,INSTRUMENTAL,1,2026-04-21 23:40:55.319183+00,2026-04-21 23:40:55.319183+00
ff014646-531d-4e48-9d7a-7e4e3775b895,BLOCO DE ADESÃO 18 MESES (1 VIA),SKU057,UN,GRÁFICO,1,2026-04-21 23:39:38.25068+00,2026-04-21 23:39:38.25068+00
31fd555f-94a8-41c0-8bff-e18688cbce37,BLOCO DE ADESÃO PF,SKU058,UN,GRÁFICO,1,2026-04-21 23:39:38.467409+00,2026-04-21 23:39:38.467409+00
727eed6f-b9a0-49e0-bc3f-ca2e4bc532f1,BLOCO DE ADESÃO PJ,SKU059,UN,GRÁFICO,1,2026-04-21 23:39:38.696153+00,2026-04-21 23:39:38.696153+00
ac643bff-95e1-48ab-800e-f63e033f8a6e,BLOCO DE ATESTADO,SKU060,UN,GRÁFICO,2,2026-04-21 23:39:39.271565+00,2026-04-21 23:39:39.271565+00
a04c13f5-6929-48d6-ac26-f9652d235e12,BLOCO DE DECLARAÇÃO,SKU061,UN,GRÁFICO,17,2026-04-21 23:39:39.47623+00,2026-04-21 23:39:39.47623+00
f2a83c45-0b0e-44c4-84fd-260c34e85288,BLOCO DE ENCAMINHAMENTO CLÍNICO,SKU062,UN,GRÁFICO,37,2026-04-21 23:39:39.690766+00,2026-04-21 23:39:39.690766+00
5560fcbe-5fc9-4100-a3e6-582a542ba978,BLOCO DE ENCAMINHAMENTO DE RADIOLOGIA,SKU063,UN,GRÁFICO,10,2026-04-21 23:39:39.911291+00,2026-04-21 23:39:39.911291+00
fb6bf08b-6ab3-484c-a2f6-d89150bf21f0,BLOCO DE RECEITUÁRIO,SKU064,UN,GRÁFICO,9,2026-04-21 23:39:40.173508+00,2026-04-21 23:39:40.173508+00
63503556-f6ba-418b-9029-05c74ca5427b,BLOCO DE RECEITUÁRIO ESPECIAL,SKU065,UN,GRÁFICO,5,2026-04-21 23:39:40.389166+00,2026-04-21 23:39:40.389166+00
334932fe-33a3-4cc8-88da-169cc8a91192,BLOCO DE RECIBO PARTICULAR,SKU066,UN,GRÁFICO,1,2026-04-21 23:39:40.599259+00,2026-04-21 23:39:40.599259+00
4b02b0ca-a648-4d6d-92b6-67665cfbda2b,BOBINA P/ ESTERILIZADOR - 100 MM (UN),SKU156,UN,MATERIAL ODONTOLÓGICO,1,2026-04-21 23:40:17.268255+00,2026-04-21 23:40:17.268255+00
98e92d80-b6c4-457e-aa9e-25e88647e63a,BOBINA P/ ESTERILIZADOR - 120 MM (UN),SKU157,UN,MATERIAL ODONTOLÓGICO,1,2026-04-21 23:40:17.538398+00,2026-04-21 23:40:17.538398+00
1032d06c-03c8-425c-b9c0-ef0888945e4b,BOBINA P/ ESTERILIZADOR - 200 MM (UN),SKU158,UN,MATERIAL ODONTOLÓGICO,12,2026-04-21 23:40:17.786235+00,2026-04-21 23:40:17.786235+00
5004b67a-4f65-4d10-8bd6-17f4d944024b,BOBINA P/ ESTERILIZADOR - 50 MM (UN),SKU159,UN,MATERIAL ODONTOLÓGICO,14,2026-04-21 23:40:18.031883+00,2026-04-21 23:40:18.031883+00
f3924316-17d5-417e-bc5f-7cf313bc49c9,BOM AR,SKU087,UN,LIMPEZA,11,2026-04-21 23:39:45.345106+00,2026-04-21 23:39:45.345106+00
0c5b7c62-1ebc-443b-a008-6466bd5870de,BORRACHA,SKU003,UN,ESCRITÓRIO,1,2026-04-21 23:39:09.209182+00,2026-04-21 23:39:09.209182+00
826db29e-9a48-4b7f-9d9d-b037c66115a6,BORRIFADOR,SKU088,UN,LIMPEZA,1,2026-04-21 23:39:45.560018+00,2026-04-21 23:39:45.560018+00
0ea1dde9-d2a4-418a-8c90-96b3cb9a16e8,BRILUX,SKU089,UN,LIMPEZA,2,2026-04-21 23:39:45.784824+00,2026-04-21 23:39:45.784824+00
a2a54a05-ca54-4842-8f8b-a4c1658a8530,BROCA 1011 (ESFÉRICA),SKU244,UN,BROCAS,1,2026-04-21 23:40:35.792298+00,2026-04-21 23:40:35.792298+00
dd479ce1-7265-4f40-aad9-382f8a6714be,BROCA 1012 (ESFÉRICA),SKU245,UN,BROCAS,15,2026-04-21 23:40:35.983101+00,2026-04-21 23:40:35.983101+00
e6096a50-e022-4965-8487-5cbc85c64a1f,BROCA 1013 (ESFÉRICA),SKU246,UN,BROCAS,1,2026-04-21 23:40:36.183791+00,2026-04-21 23:40:36.183791+00
07ac0814-7914-4764-abbd-e9cf5ecfa3f2,BROCA 1014 (ESFÉRICA),SKU247,UN,BROCAS,35,2026-04-21 23:40:36.391286+00,2026-04-21 23:40:36.391286+00
7066594b-c1aa-4b17-b552-96febfc9c712,BROCA 1015 (ESFÉRICA),SKU248,UN,BROCAS,1,2026-04-21 23:40:36.601113+00,2026-04-21 23:40:36.601113+00
bca0ad1b-a284-41b1-a2d6-c1db9814b409,BROCA 1016 (ESFÉRICA),SKU249,UN,BROCAS,20,2026-04-21 23:40:36.814164+00,2026-04-21 23:40:36.814164+00
863be5c0-68a3-4328-a3bc-43b25d692de7,BROCA 1019 (ESFÉRICA),SKU250,UN,BROCAS,1,2026-04-21 23:40:37.007401+00,2026-04-21 23:40:37.007401+00
2766b793-bda6-40e3-9af8-ae9cf595b327,BROCA 1095F (CILÍNDRICA),SKU251,UN,BROCAS,1,2026-04-21 23:40:37.211634+00,2026-04-21 23:40:37.211634+00
bdffa9a4-bb45-404a-8964-4a93ab0e1b65,BROCA 2200 (CÔNICA PONTA LÁPIS),SKU252,UN,BROCAS,1,2026-04-21 23:40:37.404298+00,2026-04-21 23:40:37.404298+00
8070a0c1-fd9e-458b-8b1b-266874ccd124,BROCA 2200F (CÔNICA PONTA LÁPIS),SKU253,UN,BROCAS,1,2026-04-21 23:40:37.609044+00,2026-04-21 23:40:37.609044+00
542cad59-bcbe-46cd-9e09-1fb8fda1f2a7,BROCA 3018,SKU254,UN,BROCAS,1,2026-04-21 23:40:37.817569+00,2026-04-21 23:40:37.817569+00
6d718fdc-a943-4078-829c-ff0accc0ce1a,BROCA 3118 (CHAMA),SKU255,UN,BROCAS,1,2026-04-21 23:40:38.013726+00,2026-04-21 23:40:38.013726+00
787f33ca-b9ff-41cd-908f-21dec890ceb4,BROCA 3118F (CHAMA),SKU256,UN,BROCAS,1,2026-04-21 23:40:38.216069+00,2026-04-21 23:40:38.216069+00
461c4b77-8724-42bb-97b0-b36ab0b05e02,BROCA 3118FF (CHAMA DOURADA),SKU257,UN,BROCAS,10,2026-04-21 23:40:38.418285+00,2026-04-21 23:40:38.418285+00
733c9b2c-a528-47d2-a3c6-3696866b16d3,BROCA 3168 (PÊRA),SKU258,UN,BROCAS,10,2026-04-21 23:40:38.610639+00,2026-04-21 23:40:38.610639+00
9e30c636-9d44-4420-bf4c-192361cd1ede,BROCA 3168F (PÊRA DOURADA),SKU259,UN,BROCAS,1,2026-04-21 23:40:38.808492+00,2026-04-21 23:40:38.808492+00
8a9f749a-6247-4c1e-8496-9194fb2fc1b9,BROCA 3168FF (PÊRA DOURADA),SKU260,UN,BROCAS,15,2026-04-21 23:40:38.998334+00,2026-04-21 23:40:38.998334+00
66ac707e-4d53-4877-9208-2db2bd902e7b,BROCA 3195,SKU261,UN,BROCAS,1,2026-04-21 23:40:39.194111+00,2026-04-21 23:40:39.194111+00
703dddf4-6880-4b74-9c90-fd40ccabdff0,BROCA 3195F,SKU262,UN,BROCAS,1,2026-04-21 23:40:39.398341+00,2026-04-21 23:40:39.398341+00
4eca757c-44aa-4bc3-9859-4bbbdedc7c1a,BROCA 3195FF,SKU263,UN,BROCAS,20,2026-04-21 23:40:39.591882+00,2026-04-21 23:40:39.591882+00
dae0ee9e-9bc9-4db2-af33-dd0ed19bf45d,BROCA 3203FF,SKU264,UN,BROCAS,1,2026-04-21 23:40:39.798749+00,2026-04-21 23:40:39.798749+00
c2aef29f-82e1-46b4-b747-37d3347ba339,BROCA 837,SKU265,UN,BROCAS,1,2026-04-21 23:40:39.988863+00,2026-04-21 23:40:39.988863+00
26f416fb-0474-4dfb-a4a8-887a99854b29,BROCA CA (BAIXA ROTAÇÃO) 1,SKU266,UN,BROCAS,1,2026-04-21 23:40:40.187558+00,2026-04-21 23:40:40.187558+00
b7b5f05f-d0b2-4c8a-8e06-600d9101883d,BROCA CA (BAIXA ROTAÇÃO) 2,SKU267,UN,BROCAS,1,2026-04-21 23:40:40.395066+00,2026-04-21 23:40:40.395066+00
35f764a3-5118-4fbb-ac3d-a8a4475d3ef9,BROCA CA (BAIXA ROTAÇÃO) 3,SKU268,UN,BROCAS,1,2026-04-21 23:40:40.600376+00,2026-04-21 23:40:40.600376+00
82340842-a9b0-40c0-9065-3943c1695b58,BROCA CA (BAIXA ROTAÇÃO) 4,SKU269,UN,BROCAS,1,2026-04-21 23:40:40.787198+00,2026-04-21 23:40:40.787198+00
9547d2a4-5841-41ae-8d94-e9644cf14411,BROCA CA (BAIXA ROTAÇÃO) 5,SKU270,UN,BROCAS,1,2026-04-21 23:40:40.990652+00,2026-04-21 23:40:40.990652+00
a799b206-3d1f-40e6-8359-07f514f79cb1,BROCA CA (BAIXA ROTAÇÃO) 6,SKU271,UN,BROCAS,1,2026-04-21 23:40:41.193152+00,2026-04-21 23:40:41.193152+00
5b1cbc82-e175-4b02-b41e-6f10d0ee0c8f,BROCA CA (BAIXA ROTAÇÃO) 7,SKU272,UN,BROCAS,1,2026-04-21 23:40:41.388942+00,2026-04-21 23:40:41.388942+00
55b1cc5f-952d-4926-93e3-5c4f65395364,BROCA CA (BAIXA ROTAÇÃO) 8,SKU273,UN,BROCAS,1,2026-04-21 23:40:41.580823+00,2026-04-21 23:40:41.580823+00
54a28602-a8b9-4d38-8494-0d5387339475,BROCA CIRÚRGICA Nº 06,SKU274,UN,BROCAS,1,2026-04-21 23:40:41.779462+00,2026-04-21 23:40:41.779462+00
98bef88f-7c3e-4777-bd75-525755649bd1,BROCA CIRÚRGICA Nº 08,SKU275,UN,BROCAS,1,2026-04-21 23:40:42.039669+00,2026-04-21 23:40:42.039669+00
794a130f-9d3f-4e0f-aa22-fad667cf2610,BROCA CIRÚRGICA Nº 702,SKU276,UN,BROCAS,1,2026-04-21 23:40:42.231836+00,2026-04-21 23:40:42.231836+00
3223f15e-869a-4e46-beff-b3ac42f5ebdf,BROCA CIRÚRGICA Nº 703,SKU277,UN,BROCAS,2,2026-04-21 23:40:42.431104+00,2026-04-21 23:40:42.431104+00
73e03d14-ef59-4e6c-88b5-1722389bf2f6,BROCA ENDO Z,SKU287,UN,ENDODONTIA,1,2026-04-21 23:40:44.560194+00,2026-04-21 23:40:44.560194+00
bcb8a167-be9b-45d1-a0ca-c7678abe8ec8,BROCA FG 2 CIR,SKU278,UN,BROCAS,1,2026-04-21 23:40:42.641739+00,2026-04-21 23:40:42.641739+00
7655faf0-e82d-4943-9fbb-c02ae8f4aae3,BROCA FG 3 CIR,SKU279,UN,BROCAS,1,2026-04-21 23:40:42.860334+00,2026-04-21 23:40:42.860334+00
34d9bcf6-f409-4ea0-b2e2-73afa1ce8ca1,BROCA HASTE LONGA 1012,SKU280,UN,BROCAS,1,2026-04-21 23:40:43.072506+00,2026-04-21 23:40:43.072506+00
1b7b891c-4f88-4f48-8446-0cbc4f69eca9,BROCA HASTE LONGA 1014,SKU281,UN,BROCAS,1,2026-04-21 23:40:43.303344+00,2026-04-21 23:40:43.303344+00
a9495c97-de53-4ba1-9200-e2959a050b8c,BROCA HASTE LONGA 1015,SKU282,UN,BROCAS,1,2026-04-21 23:40:43.499648+00,2026-04-21 23:40:43.499648+00
814ceddd-2537-41b4-b070-52d02ce3b948,BROCA HASTE LONGA 1016,SKU283,UN,BROCAS,1,2026-04-21 23:40:43.699126+00,2026-04-21 23:40:43.699126+00
d2867df3-24c5-4372-8f85-2d32905a83cf,BROCA HASTE LONGA 1017,SKU284,UN,BROCAS,1,2026-04-21 23:40:43.925857+00,2026-04-21 23:40:43.925857+00
04086772-b0be-4762-a70f-6fb0be6a66cb,BROCA HASTE LONGA 3018,SKU285,UN,BROCAS,1,2026-04-21 23:40:44.139784+00,2026-04-21 23:40:44.139784+00
ad259c45-53a8-4e7c-a7c4-e26d49e95107,BROCA PEESO LARGO TAM 2,SKU288,UN,ENDODONTIA,1,2026-04-21 23:40:44.773507+00,2026-04-21 23:40:44.773507+00
5dc29f0b-2625-4d53-ae55-c132299cd4bd,BROCA PEESO LARGO TAM 3,SKU289,UN,ENDODONTIA,1,2026-04-21 23:40:44.972312+00,2026-04-21 23:40:44.972312+00
5b1e73d4-f472-4646-85ac-4b4209ee0f73,BROCA PEESO LARGO TAM 4,SKU290,UN,ENDODONTIA,1,2026-04-21 23:40:45.177341+00,2026-04-21 23:40:45.177341+00
0be7b268-c243-4f7e-8653-a3df42ec707c,BROCA ZEKRYA CIR,SKU286,UN,BROCAS,3,2026-04-21 23:40:44.356634+00,2026-04-21 23:40:44.356634+00
1078d444-cb8c-464d-9ee1-829c0f6f6934,BROQUEIRO,SKU341,UN,INSTRUMENTAL,1,2026-04-21 23:40:55.525193+00,2026-04-21 23:40:55.525193+00
7327feb1-c390-43c4-a368-55fff1e1fd2d,BUSCOPAN (1 UN),SKU052,UN,FARMÁCIA,10,2026-04-21 23:39:37.186324+00,2026-04-21 23:39:37.186324+00
2dcadfa6-4e29-4131-b09d-8bf19fad7e82,CABO P/ BISTURI,SKU342,UN,INSTRUMENTAL,1,2026-04-21 23:40:55.716733+00,2026-04-21 23:40:55.716733+00
66c05076-28b5-4ccc-9136-cd2d89c4d3af,CABO P/ ESPELHO,SKU343,UN,INSTRUMENTAL,1,2026-04-21 23:40:55.921571+00,2026-04-21 23:40:55.921571+00
95cdbc1c-dd20-4605-95f4-39e7bb0f0cef,CADERNO P,SKU004,UN,ESCRITÓRIO,2,2026-04-21 23:39:09.443201+00,2026-04-21 23:39:09.443201+00
79522542-95b6-4d04-961d-1139e9daed18,CAFÉ,SKU090,UN,LIMPEZA,36,2026-04-21 23:39:46.001133+00,2026-04-21 23:39:46.001133+00
a13f00cc-5c92-48da-9f02-d33a7dfaae24,CAIXA P/ CONTENÇÃO (10 UN),SKU160,UN,MATERIAL ODONTOLÓGICO,190,2026-04-21 23:40:18.284452+00,2026-04-21 23:40:18.284452+00
f32fbd50-f7a7-4a57-a2c6-95f662ff2f03,CALCADOR P/ CANAL,SKU344,UN,INSTRUMENTAL,1,2026-04-21 23:40:56.139213+00,2026-04-21 23:40:56.139213+00
57b579bf-2e5c-4d63-acc3-0b0a84d9362d,CALCULADORA,SKU005,UN,ESCRITÓRIO,1,2026-04-21 23:39:09.677495+00,2026-04-21 23:39:09.677495+00
0ac3c4bc-3e81-42bf-b6c3-4ef080eb5811,CANETA AZUL,SKU006,UN,ESCRITÓRIO,21,2026-04-21 23:39:09.905603+00,2026-04-21 23:39:09.905603+00
13b39285-be9a-4d99-a32b-ec37efeec736,CANETA PRETA,SKU007,UN,ESCRITÓRIO,1,2026-04-21 23:39:10.167687+00,2026-04-21 23:39:10.167687+00
6f42b1f2-c4aa-4e39-9177-4ba86a650962,CANETA VERMELHA,SKU008,UN,ESCRITÓRIO,1,2026-04-21 23:39:10.413174+00,2026-04-21 23:39:10.413174+00
e4c1a0e8-b49e-4009-832b-05370777406c,CARBONO P/ ARTICULAÇÃO (12 UN),SKU161,UN,MATERIAL ODONTOLÓGICO,19,2026-04-21 23:40:18.527915+00,2026-04-21 23:40:18.527915+00
867b5244-324e-4a51-8b51-bbad4874c0cb,CERA ROSA 7 (UN),SKU162,UN,MATERIAL ODONTOLÓGICO,129,2026-04-21 23:40:18.771485+00,2026-04-21 23:40:18.771485+00
2b71b59d-c1cc-4ccc-8c03-ba20bce1e768,CIF,SKU091,UN,LIMPEZA,5,2026-04-21 23:39:46.217348+00,2026-04-21 23:39:46.217348+00
6f024abf-f586-4850-ac85-36f87f1b6e03,CIMENTO DE ZINCO - LÍQUIDO (10 ML),SKU163,UN,MATERIAL ODONTOLÓGICO,1,2026-04-21 23:40:19.116946+00,2026-04-21 23:40:19.116946+00
65b417e2-6305-4258-b40e-6abe9946332d,CIMENTO DE ZINCO - PÓ (28 G),SKU164,UN,MATERIAL ODONTOLÓGICO,1,2026-04-21 23:40:19.395127+00,2026-04-21 23:40:19.395127+00
9b8cf824-a79e-46d5-ab44-87611e06e252,CIMENTO RESINOSO ALLCEM CORE,SKU165,UN,MATERIAL ODONTOLÓGICO,1,2026-04-21 23:40:19.650136+00,2026-04-21 23:40:19.650136+00
6504caff-8ea8-4bcb-8a79-1fd0b5c1257a,CLIPS 2/0 (100 UN),SKU009,UN,ESCRITÓRIO,1,2026-04-21 23:39:10.664794+00,2026-04-21 23:39:10.664794+00
00261e17-f7ca-4478-97e1-b1a9f3c26801,CLIPS 6/0 (50 UN),SKU010,UN,ESCRITÓRIO,1,2026-04-21 23:39:10.902163+00,2026-04-21 23:39:10.902163+00
2917071b-304d-4ec0-b2d0-c0f563b659d7,CLIPS 8/0 (25 UN),SKU011,UN,ESCRITÓRIO,1,2026-04-21 23:39:11.135463+00,2026-04-21 23:39:11.135463+00
6343fac0-6b82-4ef7-8ee2-aba195217d59,CLOREXIDINA 2%,SKU166,UN,MATERIAL ODONTOLÓGICO,1,2026-04-21 23:40:19.891196+00,2026-04-21 23:40:19.891196+00
b6b99c16-579b-4081-ac7f-3a28e71bc371,COLA BRANCA (40 G),SKU012,UN,ESCRITÓRIO,1,2026-04-21 23:39:11.388058+00,2026-04-21 23:39:11.388058+00
b90d0aa4-acb8-44e7-b7fd-418196ce4768,COLA BRANCA (90 G),SKU013,UN,ESCRITÓRIO,1,2026-04-21 23:39:11.629272+00,2026-04-21 23:39:11.629272+00
e9a492d7-3397-49c8-903d-0511ff25fed4,COLA TUDO,SKU014,UN,ESCRITÓRIO,2,2026-04-21 23:39:28.851399+00,2026-04-21 23:39:28.851399+00
0bca1dc0-44c0-4e1b-a69c-ecdc3b6b5b09,"CONDICIONADOR DE PORCELANA (2,5 ML)",SKU167,UN,MATERIAL ODONTOLÓGICO,1,2026-04-21 23:40:20.156014+00,2026-04-21 23:40:20.156014+00
7947a54a-eed4-4e3d-bfa2-bfdb9d8cbed2,CONE ACESSÓRIO F,SKU291,UN,ENDODONTIA,1,2026-04-21 23:40:45.376728+00,2026-04-21 23:40:45.376728+00
d093c0a6-0298-4e7b-ae3c-0b1bf1f01447,CONE ACESSÓRIO FM,SKU292,UN,ENDODONTIA,1,2026-04-21 23:40:45.573795+00,2026-04-21 23:40:45.573795+00
0bce851b-8a09-4e0c-9afc-ca293247d91c,CONE ACESSÓRIO M (MARCA DENTSPLY),SKU293,UN,ENDODONTIA,5,2026-04-21 23:40:45.777228+00,2026-04-21 23:40:45.777228+00
e07e661a-8c06-4c53-a359-39e3c1b37b34,CONE ACESSÓRIO MF,SKU294,UN,ENDODONTIA,1,2026-04-21 23:40:45.971431+00,2026-04-21 23:40:45.971431+00
83b54c82-384c-4a5c-814a-dc45d9250470,CONE DE PAPEL 1ª SÉRIE,SKU295,UN,ENDODONTIA,10,2026-04-21 23:40:46.180897+00,2026-04-21 23:40:46.180897+00
9a484853-c84f-4013-b4c9-8d2a3a4268d0,CONE DE PAPEL 2ª SÉRIE,SKU296,UN,ENDODONTIA,1,2026-04-21 23:40:46.386718+00,2026-04-21 23:40:46.386718+00
4b5bc3bc-bfa8-4412-bb3c-06b4cd6e4d74,CONTRATO DE ORTODONTIA,SKU067,UN,GRÁFICO,1,2026-04-21 23:39:40.807677+00,2026-04-21 23:39:40.807677+00
49c2225b-2f68-498d-83e1-ff75290ef6de,CONTRATO ODONTOART PF - CLÁUSULAS,SKU068,UN,GRÁFICO,20,2026-04-21 23:39:41.025712+00,2026-04-21 23:39:41.025712+00
683101a5-c0bf-45e1-9254-f2d244356420,CONTRATO ODONTOART PJ - CLÁUSULAS,SKU069,UN,GRÁFICO,1,2026-04-21 23:39:41.233341+00,2026-04-21 23:39:41.233341+00
d1a2076d-b193-45b9-813f-fc321e401232,COPO DESC P/ ÁGUA (150 ML C/ 100),SKU092,UN,LIMPEZA,148,2026-04-21 23:39:46.446197+00,2026-04-21 23:39:46.446197+00
612b17ec-7479-4a0b-8e9f-3f21513ec492,COPO DESC P/ CAFÉ (50 ML C/ 100),SKU093,UN,LIMPEZA,1,2026-04-21 23:39:46.694474+00,2026-04-21 23:39:46.694474+00
b1d457e4-77a9-4d3f-8b87-bb6e7b6fb1db,CORRETIVO (18 ML),SKU015,UN,ESCRITÓRIO,2,2026-04-21 23:39:29.094451+00,2026-04-21 23:39:29.094451+00
270d9cd1-402f-4ff8-869b-dc3a991b2ded,CUNHA DE MADEIRA (pct),SKU168,UN,MATERIAL ODONTOLÓGICO,2,2026-04-21 23:40:20.423699+00,2026-04-21 23:40:20.423699+00
f6abe7a4-c43b-4294-b674-c02d6a010d3c,CURETA ALVEOLAR,SKU345,UN,INSTRUMENTAL,1,2026-04-21 23:40:56.336897+00,2026-04-21 23:40:56.336897+00
c3321ac3-a756-4933-8692-d89b632edc51,CURETA DE DENTINA MÉDIA,SKU346,UN,INSTRUMENTAL,1,2026-04-21 23:40:56.54771+00,2026-04-21 23:40:56.54771+00
582b1b11-b0a7-4afa-9bbf-8190a7648486,CURETA DE DENTINA PEQUENA,SKU347,UN,INSTRUMENTAL,1,2026-04-21 23:40:56.757265+00,2026-04-21 23:40:56.757265+00
298ceb24-52f7-4ef5-93ee-a3fcbfed0b47,DENTE DE ESTOQUE ANTERIOR / INFERIOR,SKU169,UN,MATERIAL ODONTOLÓGICO,1,2026-04-21 23:40:20.623437+00,2026-04-21 23:40:20.623437+00
81eb5247-7afb-4bd3-8055-e5e6db816910,DENTE DE ESTOQUE ANTERIOR / SUPERIOR,SKU170,UN,MATERIAL ODONTOLÓGICO,1,2026-04-21 23:40:20.839559+00,2026-04-21 23:40:20.839559+00
07120f9e-2117-4eac-b62d-e57e0f14aca3,DENTE DE ESTOQUE POSTERIOR,SKU171,UN,MATERIAL ODONTOLÓGICO,1,2026-04-21 23:40:21.027496+00,2026-04-21 23:40:21.027496+00
6bf0b6ed-2730-4eb7-afca-445e754acdeb,DESCARPACK (3 L),SKU172,UN,MATERIAL ODONTOLÓGICO,4,2026-04-21 23:40:21.218238+00,2026-04-21 23:40:21.218238+00
4189e70b-2e2b-4b80-8495-ae0e9f76ce8f,DESINFETANTE (5 L),SKU094,UN,LIMPEZA,27,2026-04-21 23:39:46.92005+00,2026-04-21 23:39:46.92005+00
8e095a3e-9df5-4123-92da-e87ce289feff,DETERGENTE (5 L),SKU095,UN,LIMPEZA,12,2026-04-21 23:39:47.13978+00,2026-04-21 23:39:47.13978+00
d565e9d8-bae2-4074-bff8-1c4bb9418126,DETERGENTE ENZIMÁTICO,SKU173,UN,MATERIAL ODONTOLÓGICO,1,2026-04-21 23:40:21.415557+00,2026-04-21 23:40:21.415557+00
b00f3e49-6270-48ed-b51e-cf3bc83bd8cd,DISCO DE LIXA ( PCT),SKU174,UN,MATERIAL ODONTOLÓGICO,4,2026-04-21 23:40:21.604789+00,2026-04-21 23:40:21.604789+00
50d2d973-df46-4e06-b39f-3f3fa365d61b,DURAFLÚOR (10 ML VERNIZ + 10 ML SOLVENTE),SKU175,UN,MATERIAL ODONTOLÓGICO,1,2026-04-21 23:40:21.816615+00,2026-04-21 23:40:21.816615+00
f1823c6f-1c67-472d-8780-1507e5d35f23,DUREX (12 X 30),SKU016,UN,ESCRITÓRIO,1,2026-04-21 23:39:29.345811+00,2026-04-21 23:39:29.345811+00
b838f365-382c-4f9d-8f6c-1eea0bfec28b,EDTA,SKU176,UN,MATERIAL ODONTOLÓGICO,1,2026-04-21 23:40:22.022436+00,2026-04-21 23:40:22.022436+00
bbb5b770-83d0-4e57-92df-f28d4a69f321,ENDO ICE,SKU297,UN,ENDODONTIA,1,2026-04-21 23:40:46.596449+00,2026-04-21 23:40:46.596449+00
021cfb8f-da10-4b39-b844-9d92a83e8663,ENDOFILL LÍQUIDO,SKU298,UN,ENDODONTIA,1,2026-04-21 23:40:46.801658+00,2026-04-21 23:40:46.801658+00
a5a889c2-60ea-4fa6-857a-e042468a7fac,ENDOFILL PÓ (12 G),SKU299,UN,ENDODONTIA,2,2026-04-21 23:40:47.006705+00,2026-04-21 23:40:47.006705+00
7229911c-a282-4d54-a247-afa642754e20,ENEVELOPE AMARELO,SKU070,UN,GRÁFICO,5,2026-04-21 23:39:41.474496+00,2026-04-21 23:39:41.474496+00
8fcdfe81-4fac-47ec-9919-dd81eca4bf07,ENFORCE,SKU348,UN,INSTRUMENTAL,1,2026-04-21 23:40:56.971749+00,2026-04-21 23:40:56.971749+00
88a8fd11-5c31-4aef-900d-c079dcb736d3,ENHANCE (6 UN),SKU177,UN,MATERIAL ODONTOLÓGICO,1,2026-04-21 23:40:22.232548+00,2026-04-21 23:40:22.232548+00
4537aa2e-52f2-4cab-936d-fc26910e30a9,ENVELOPE AMARELO,SKU017,UN,ESCRITÓRIO,14,2026-04-21 23:39:29.570087+00,2026-04-21 23:39:29.570087+00
10732523-d5c6-4294-91fa-e2676a28eb19,ENVELOPE TIMBRADO - G,SKU071,UN,GRÁFICO,10,2026-04-21 23:39:41.714877+00,2026-04-21 23:39:41.714877+00
50f7cb8c-8204-43ac-b19f-ef6c15abb5c4,ENVELOPE TIMBRADO - P,SKU072,UN,GRÁFICO,10,2026-04-21 23:39:41.925945+00,2026-04-21 23:39:41.925945+00
93e70b91-d8f6-48ed-bc92-f828d0891b8c,ESCOVA DE LIMPEZA BROCA (UN),SKU178,UN,MATERIAL ODONTOLÓGICO,3,2026-04-21 23:40:22.43768+00,2026-04-21 23:40:22.43768+00
d56eabd2-5272-4577-92c8-3396f17935e5,ESCOVA DE ROBSON (UN),SKU179,UN,MATERIAL ODONTOLÓGICO,71,2026-04-21 23:40:22.657044+00,2026-04-21 23:40:22.657044+00
624c1004-6792-4615-8a75-46952beda002,ESCOVA P/ CANTOS,SKU096,UN,LIMPEZA,1,2026-04-21 23:39:47.366143+00,2026-04-21 23:39:47.366143+00
f907b582-aefd-4547-978c-ee8028fb54bd,ESCOVA P/ VASO SANITÁRIO,SKU097,UN,LIMPEZA,1,2026-04-21 23:39:47.615621+00,2026-04-21 23:39:47.615621+00
8a0cf879-c460-460c-9eed-ae04a37cac00,ESPANADOR,SKU098,UN,LIMPEZA,1,2026-04-21 23:39:47.853417+00,2026-04-21 23:39:47.853417+00
aba4d8e3-ab33-4414-875a-5b8b5434243e,ESPÁTULA DE DYCAL,SKU349,UN,INSTRUMENTAL,1,2026-04-21 23:40:57.185701+00,2026-04-21 23:40:57.185701+00
3eef7f09-b0f1-4829-a1bf-276f131ee0ff,ESPÁTULA Nº 1,SKU350,UN,INSTRUMENTAL,1,2026-04-21 23:40:57.384882+00,2026-04-21 23:40:57.384882+00
bcf1ba1d-6331-4c8e-80c0-7308ed8e0d4a,ESPÁTULA Nº 24,SKU351,UN,INSTRUMENTAL,1,2026-04-21 23:40:57.579214+00,2026-04-21 23:40:57.579214+00
dd102b44-5a26-42a3-aabc-d971c7c7726f,ESPELHO BUCAL (12 UN),SKU180,UN,MATERIAL ODONTOLÓGICO,12,2026-04-21 23:40:22.847905+00,2026-04-21 23:40:22.847905+00
833d494d-1658-4a4a-9355-47f4eb7b514e,ESPONJA AMARELA,SKU099,UN,LIMPEZA,121,2026-04-21 23:39:48.036918+00,2026-04-21 23:39:48.036918+00
da909b9d-eb6d-4ad0-b307-2be42b05bd6d,ESPONJA AZUL,SKU100,UN,LIMPEZA,2,2026-04-21 23:39:48.243751+00,2026-04-21 23:39:48.243751+00
d834a381-eab8-44a0-9a0c-2cb09f0c7681,EUCALIPTOL,SKU181,UN,MATERIAL ODONTOLÓGICO,1,2026-04-21 23:40:23.041995+00,2026-04-21 23:40:23.041995+00
33ad874a-aa36-4ef3-a61e-29ad0770567b,EXPLORADORES,SKU352,UN,INSTRUMENTAL,1,2026-04-21 23:40:57.776192+00,2026-04-21 23:40:57.776192+00
1d3c1a59-8a90-44f0-9af7-56d413b95827,EXTRATOR DE GRAMPO,SKU018,UN,ESCRITÓRIO,1,2026-04-21 23:39:29.814378+00,2026-04-21 23:39:29.814378+00
c3f19724-a619-4f19-a495-f3978bb50d8c,FICHA P/ RAIO-X C/ 2 FUROS (100 UN),SKU182,UN,MATERIAL ODONTOLÓGICO,525,2026-04-21 23:40:23.229751+00,2026-04-21 23:40:23.229751+00
2b28a961-6f22-4733-9203-9c0b046957f0,FICHA PAI,SKU073,UN,GRÁFICO,18,2026-04-21 23:39:42.165135+00,2026-04-21 23:39:42.165135+00
fc89d93a-4e96-4535-9827-ff4e75b44240,FIO DE SUTURA (24 UN),SKU183,UN,MATERIAL ODONTOLÓGICO,15,2026-04-21 23:40:23.42062+00,2026-04-21 23:40:23.42062+00
12b47955-1880-4bbd-9047-4ccb04ea3c06,FIO DENTAL (100 M),SKU184,UN,MATERIAL ODONTOLÓGICO,8,2026-04-21 23:40:23.61225+00,2026-04-21 23:40:23.61225+00
b0019ffe-2057-4980-bea5-2924541431e7,FITA DUPLA FACE,SKU019,UN,ESCRITÓRIO,1,2026-04-21 23:39:30.059622+00,2026-04-21 23:39:30.059622+00
a4b0e815-d9c3-4b7d-9a80-2f8b89d551d7,FITA GOMADA (38 X 50),SKU020,UN,ESCRITÓRIO,2,2026-04-21 23:39:30.310987+00,2026-04-21 23:39:30.310987+00
fcd2db37-e29c-4ed0-9987-17d78fcf9f28,FITA P/ AUTOCLAVE (19 MM X 30 M),SKU185,UN,MATERIAL ODONTOLÓGICO,8,2026-04-21 23:40:23.806572+00,2026-04-21 23:40:23.806572+00
8628f638-d7a0-4918-97d1-fc55990d404b,FITA TRANSPARENTE (45 X 45),SKU021,UN,ESCRITÓRIO,1,2026-04-21 23:39:30.546232+00,2026-04-21 23:39:30.546232+00
e825912c-b71a-49d1-923d-ad2b92e646bf,FIXADOR KODAK (500 ML),SKU186,UN,MATERIAL ODONTOLÓGICO,4,2026-04-21 23:40:24.0251+00,2026-04-21 23:40:24.0251+00
084f96c4-4d33-405f-8f51-e20d8197ab97,FLANELA,SKU101,UN,LIMPEZA,6,2026-04-21 23:39:48.436042+00,2026-04-21 23:39:48.436042+00
44caa024-91ac-4c17-b7b2-5718c23b2a56,FLÚOR (200 ML),SKU187,UN,MATERIAL ODONTOLÓGICO,5,2026-04-21 23:40:24.233257+00,2026-04-21 23:40:24.233257+00
179a7d1e-1548-49af-900b-2bd56f59d97d,FOICE PONTA MOUSSE 0-00,SKU353,UN,INSTRUMENTAL,1,2026-04-21 23:40:57.979524+00,2026-04-21 23:40:57.979524+00
84a72990-3016-4564-ae9c-9747a77381d6,FORCEPS Nº 01 (INFANTIL),SKU354,UN,INSTRUMENTAL,1,2026-04-21 23:40:58.176744+00,2026-04-21 23:40:58.176744+00
ede24579-368d-4876-a675-55bc0dc95f42,FORCEPS Nº 02 (INFANTIL),SKU355,UN,INSTRUMENTAL,1,2026-04-21 23:40:58.371256+00,2026-04-21 23:40:58.371256+00
d7d5d10e-b657-475d-adc9-bae44c9d6ed9,FORCEPS Nº 150,SKU356,UN,INSTRUMENTAL,1,2026-04-21 23:40:58.575338+00,2026-04-21 23:40:58.575338+00
b2f12a88-4a30-4e9f-9e63-c183142aca88,FORCEPS Nº 151,SKU357,UN,INSTRUMENTAL,1,2026-04-21 23:40:58.776753+00,2026-04-21 23:40:58.776753+00
6548188a-61ca-4a13-b2cf-8ca0c0a61ed2,FORCEPS Nº 16,SKU358,UN,INSTRUMENTAL,1,2026-04-21 23:40:58.981583+00,2026-04-21 23:40:58.981583+00
00062c7f-0d2b-438f-9add-c8bd469a7ccb,FORCEPS Nº 17,SKU359,UN,INSTRUMENTAL,1,2026-04-21 23:40:59.185666+00,2026-04-21 23:40:59.185666+00
9a90d517-a8a4-47e3-9325-5c58da9c53a8,FORCEPS Nº 18 L,SKU360,UN,INSTRUMENTAL,1,2026-04-21 23:40:59.383151+00,2026-04-21 23:40:59.383151+00
9dbf8bf6-b09e-4654-838d-da9f032142af,FORCEPS Nº 18 R,SKU361,UN,INSTRUMENTAL,1,2026-04-21 23:40:59.601833+00,2026-04-21 23:40:59.601833+00
91f562eb-f05f-4f03-a3ba-2f376681f1e4,FORCEPS Nº 65,SKU362,UN,INSTRUMENTAL,1,2026-04-21 23:40:59.798245+00,2026-04-21 23:40:59.798245+00
b7ec0ea4-3e1d-4562-b27a-aa23f5160066,FORCEPS Nº 69,SKU363,UN,INSTRUMENTAL,1,2026-04-21 23:41:00.020063+00,2026-04-21 23:41:00.020063+00
890e6084-1b4a-4cdf-9400-f108586e25ff,FORMOCRESOL,SKU188,UN,MATERIAL ODONTOLÓGICO,1,2026-04-21 23:40:24.4382+00,2026-04-21 23:40:24.4382+00
2caaee38-75a8-4416-9a1f-70473f070f0e,GATTES HASTE LONGA 28 MM Nº 1,SKU300,UN,ENDODONTIA,1,2026-04-21 23:40:47.204402+00,2026-04-21 23:40:47.204402+00
0025fce5-823a-4fce-b4bd-ad748757be74,GATTES HASTE LONGA 28 MM Nº 2,SKU301,UN,ENDODONTIA,1,2026-04-21 23:40:47.405775+00,2026-04-21 23:40:47.405775+00
5cd8323d-46e4-4ffb-9514-6d349bf49981,GATTES HASTE LONGA 28 MM Nº 3,SKU302,UN,ENDODONTIA,1,2026-04-21 23:40:47.599459+00,2026-04-21 23:40:47.599459+00
bcbcc708-251c-46ab-bf01-ff60676067ee,GATTES HASTE LONGA 28 MM Nº 4,SKU303,UN,ENDODONTIA,1,2026-04-21 23:40:47.798704+00,2026-04-21 23:40:47.798704+00
7f8471ec-662f-43dd-874c-528b6e1ffe7f,GATTES HASTE LONGA 28 MM Nº 5,SKU304,UN,ENDODONTIA,1,2026-04-21 23:40:47.993764+00,2026-04-21 23:40:47.993764+00
84483652-d2f7-45dd-9c04-e3002df647e2,GATTES HASTE LONGA 32 MM Nº 1,SKU305,UN,ENDODONTIA,1,2026-04-21 23:40:48.186031+00,2026-04-21 23:40:48.186031+00
75bfd365-1fd2-41fc-a29e-624a0431773f,GATTES HASTE LONGA 32 MM Nº 2,SKU306,UN,ENDODONTIA,1,2026-04-21 23:40:48.382951+00,2026-04-21 23:40:48.382951+00
4b2b2154-21e0-4833-8279-1f40245c34b1,GATTES HASTE LONGA 32 MM Nº 3,SKU307,UN,ENDODONTIA,1,2026-04-21 23:40:48.586211+00,2026-04-21 23:40:48.586211+00
d0175286-a199-476d-acc6-0d0d9d16eff9,GATTES HASTE LONGA 32 MM Nº 4,SKU308,UN,ENDODONTIA,1,2026-04-21 23:40:48.802839+00,2026-04-21 23:40:48.802839+00
44ddf717-45cc-4095-849f-385bc1e82b53,GATTES HASTE LONGA 32 MM Nº 5,SKU309,UN,ENDODONTIA,1,2026-04-21 23:40:49.012315+00,2026-04-21 23:40:49.012315+00
9f96076f-b391-451c-b794-c2d70da9262e,GATTES HASTE LONGA 32 MM Nº 6,SKU310,UN,ENDODONTIA,1,2026-04-21 23:40:49.206199+00,2026-04-21 23:40:49.206199+00
9451a993-028d-4c2c-95d5-022fd5399321,"GAZE - 7,5 CM X 7,5 CM (500 UN)",SKU189,UN,MATERIAL ODONTOLÓGICO,4,2026-04-21 23:40:24.638074+00,2026-04-21 23:40:24.638074+00
5920a286-61c1-4014-a1dc-ceb638ab79c0,GESSO ESPECIAL,SKU190,UN,MATERIAL ODONTOLÓGICO,1,2026-04-21 23:40:24.849607+00,2026-04-21 23:40:24.849607+00
011506a1-7247-4498-9651-be53b53e9c84,GESSO PEDRA (1 KG),SKU191,UN,MATERIAL ODONTOLÓGICO,16,2026-04-21 23:40:25.057667+00,2026-04-21 23:40:25.057667+00
85f90fca-512a-4286-b076-53de10f8bb12,GRAMPEADOR,SKU022,UN,ESCRITÓRIO,4,2026-04-21 23:39:30.787399+00,2026-04-21 23:39:30.787399+00
ac3ff20f-c7dc-4aa5-a508-8cc7ede65abc,GRAMPO 26/6,SKU023,UN,ESCRITÓRIO,5,2026-04-21 23:39:31.043981+00,2026-04-21 23:39:31.043981+00
4ac84a26-36fd-451d-9294-b49d9f8eaf66,GUARDANAPO,SKU102,UN,LIMPEZA,300,2026-04-21 23:39:48.620089+00,2026-04-21 23:39:48.620089+00
7d7914c3-5804-4218-8554-3a84831f3c7b,HEMOSTOP 10 ML (UN),SKU192,UN,MATERIAL ODONTOLÓGICO,3,2026-04-21 23:40:25.245879+00,2026-04-21 23:40:25.245879+00
d0a16e97-4e53-4693-9d90-b28ee520355e,HIDRO C,SKU193,UN,MATERIAL ODONTOLÓGICO,3,2026-04-21 23:40:25.456032+00,2026-04-21 23:40:25.456032+00
7ae0d42c-bf2d-4bcd-a68b-e6493906e04f,HIDROX CALCIO PA (10 G),SKU194,UN,MATERIAL ODONTOLÓGICO,2,2026-04-21 23:40:25.65642+00,2026-04-21 23:40:25.65642+00
13834110-f962-4b36-b0cd-9917fe5f69fd,HIPOCLORITO 5%,SKU103,UN,LIMPEZA,19,2026-04-21 23:39:48.833623+00,2026-04-21 23:39:48.833623+00
f2988be2-db0f-464a-b517-a045e47a3b0d,IODOFÓRMIO,SKU195,UN,MATERIAL ODONTOLÓGICO,1,2026-04-21 23:40:25.84406+00,2026-04-21 23:40:25.84406+00
d09988c2-ba63-4e25-bcf4-22cf027622f8,IONÔMERO CIMENTAÇÃO LÍQUIDO,SKU196,UN,MATERIAL ODONTOLÓGICO,3,2026-04-21 23:40:26.036522+00,2026-04-21 23:40:26.036522+00
0bfa4eb6-e537-406b-91dc-0f00c2e00af7,IONÔMERO CIMENTAÇÃO PÓ,SKU197,UN,MATERIAL ODONTOLÓGICO,2,2026-04-21 23:40:26.23482+00,2026-04-21 23:40:26.23482+00
b47addab-a9dc-40c0-9a58-1a3f4a64883c,IONÔMERO RESTAURADOR LÍQUIDO,SKU198,UN,MATERIAL ODONTOLÓGICO,24,2026-04-21 23:40:26.414807+00,2026-04-21 23:40:26.414807+00
7fbefb26-f370-4c7a-bd1d-4e13c5120a46,IONÔMERO RESTAURADOR PÓ,SKU199,UN,MATERIAL ODONTOLÓGICO,34,2026-04-21 23:40:26.608828+00,2026-04-21 23:40:26.608828+00
89fbfff7-cdea-4196-b161-a633147fd0e8,ISQUEIRO,SKU024,UN,ESCRITÓRIO,1,2026-04-21 23:39:31.273112+00,2026-04-21 23:39:31.273112+00
7a257368-d85e-4f68-bbe3-138dc3e9bf61,ISQUEIRO,SKU364,UN,INSTRUMENTAL,1,2026-04-21 23:41:00.223001+00,2026-04-21 23:41:00.223001+00
67b8e364-94f3-4dd8-9169-fb73109fa4ed,KIT POSICIONADOR P/ RAIO X,SKU365,UN,INSTRUMENTAL,1,2026-04-21 23:41:00.427587+00,2026-04-21 23:41:00.427587+00
d554cffd-692e-484f-8f35-0a4764c5d4f7,LÂMINA DE BISTURI (100 UN),SKU200,UN,MATERIAL ODONTOLÓGICO,51,2026-04-21 23:40:26.799502+00,2026-04-21 23:40:26.799502+00
3db244b2-b27e-4494-b10c-01c6f258c713,LÂMPADA ÁLCOOL,SKU366,UN,INSTRUMENTAL,1,2026-04-21 23:41:00.634294+00,2026-04-21 23:41:00.634294+00
eab16967-d4a8-4b9f-96c2-9420610185fd,LAPIS,SKU025,UN,ESCRITÓRIO,5,2026-04-21 23:39:31.522551+00,2026-04-21 23:39:31.522551+00
006e64a2-03b5-4d98-beb6-5eb286097e94,LIGA (200 UN),SKU026,UN,ESCRITÓRIO,1,2026-04-21 23:39:31.770941+00,2026-04-21 23:39:31.770941+00
038cb5d2-5d6b-47db-8827-3d01b94d04e3,LIGA (UN),SKU027,UN,ESCRITÓRIO,65,2026-04-21 23:39:32.033042+00,2026-04-21 23:39:32.033042+00
d1688192-f70b-4eca-835c-f3dc29e8b45e,LIMA Nº 06 (6 UN) 21mm,SKU311,UN,ENDODONTIA,1,2026-04-21 23:40:49.419107+00,2026-04-21 23:40:49.419107+00
959b4eb2-17b5-4713-a1b3-876c3e2079d3,LIMA Nº 06 (6 UN) 25mm,SKU312,UN,ENDODONTIA,1,2026-04-21 23:40:49.616706+00,2026-04-21 23:40:49.616706+00
f4d3d8a3-22fc-418a-b68d-1052db5d27ce,LIMA Nº 08 (6 UN),SKU331,UN,ENDODONTIA,1,2026-04-21 23:40:53.494715+00,2026-04-21 23:40:53.494715+00
283a81cb-ba71-44d3-87a4-823df6cd2b78,LIMA Nº 08 (6 UN) 25mm,SKU313,UN,ENDODONTIA,1,2026-04-21 23:40:49.819787+00,2026-04-21 23:40:49.819787+00
56be12ff-a5a4-4220-a877-26e226ebf6ca,LIMA Nº 10 (6 UN),SKU332,UN,ENDODONTIA,1,2026-04-21 23:40:53.692749+00,2026-04-21 23:40:53.692749+00
3f02b2e3-d1ad-473e-8d71-cb3bfcb1b2a8,LIMA Nº 10 (6 UN) 25mm,SKU314,UN,ENDODONTIA,1,2026-04-21 23:40:50.037505+00,2026-04-21 23:40:50.037505+00
53dea692-3c49-49f0-b996-bb6972ed58b5,LIMA Nº 15 (6 UN) 21mm,SKU315,UN,ENDODONTIA,1,2026-04-21 23:40:50.244249+00,2026-04-21 23:40:50.244249+00
e2257335-8bf0-4820-848d-83d7708c8e39,LIMA Nº 20 (6 UN) 21mm,SKU316,UN,ENDODONTIA,1,2026-04-21 23:40:50.441767+00,2026-04-21 23:40:50.441767+00
fa698598-5ed0-4899-b2c9-204b6af0364f,LIMA Nº 20 (6 UN) 25mm,SKU317,UN,ENDODONTIA,1,2026-04-21 23:40:50.636853+00,2026-04-21 23:40:50.636853+00
496b5fab-e748-44df-8508-4882c1227a7e,LIMA Nº 25 (6 UN) 21mm,SKU318,UN,ENDODONTIA,1,2026-04-21 23:40:50.827591+00,2026-04-21 23:40:50.827591+00
4c456616-7a05-4773-9f2e-df5c6f0dff78,LIMA Nº 25 (6 UN) 25mm,SKU319,UN,ENDODONTIA,1,2026-04-21 23:40:51.015168+00,2026-04-21 23:40:51.015168+00
58b2583a-0b70-4f64-b4f1-a0b71902bdeb,LIMA Nº 30 (6 UN) 21mm,SKU320,UN,ENDODONTIA,1,2026-04-21 23:40:51.241785+00,2026-04-21 23:40:51.241785+00
6890fe23-42f0-4d32-9c05-11a335e8be92,LIMA Nº 30 (6 UN) 25mm,SKU321,UN,ENDODONTIA,1,2026-04-21 23:40:51.440475+00,2026-04-21 23:40:51.440475+00
c794e19a-230e-43e1-bc87-97c286d30682,LIMA Nº 35 (6 UN) 21mm,SKU322,UN,ENDODONTIA,1,2026-04-21 23:40:51.638118+00,2026-04-21 23:40:51.638118+00
452d876c-09e9-48cf-8d55-1ff8304ea8cf,LIMA Nº 35 (6 UN) 32mm,SKU323,UN,ENDODONTIA,1,2026-04-21 23:40:51.847004+00,2026-04-21 23:40:51.847004+00
358e6a23-bc55-46fa-9bab-972f59974659,LIMA Nº 40 (6 UN),SKU333,UN,ENDODONTIA,1,2026-04-21 23:40:53.912548+00,2026-04-21 23:40:53.912548+00
337e4bce-9956-4941-ad1e-d6f975417338,LIMA Nº 40 (6 UN) 25mm,SKU324,UN,ENDODONTIA,1,2026-04-21 23:40:52.043932+00,2026-04-21 23:40:52.043932+00
c8bb3756-174a-4b64-b7db-9317ad65d398,LIMA Nº 45 (6 UN) 25mm,SKU325,UN,ENDODONTIA,1,2026-04-21 23:40:52.254622+00,2026-04-21 23:40:52.254622+00
48c8177e-34a4-4994-aa60-219458b77fcb,LIMA Nº 55 (6 UN) 25mm,SKU326,UN,ENDODONTIA,1,2026-04-21 23:40:52.453244+00,2026-04-21 23:40:52.453244+00
bcae3a29-6821-4fbb-ba4a-25dbc1c8ee71,LIMA Nº 55 (6 UN) 32mm,SKU327,UN,ENDODONTIA,1,2026-04-21 23:40:52.670378+00,2026-04-21 23:40:52.670378+00
b281480b-2c2b-4b76-9a8d-f9b7c502786d,LIMA Nº 70 (6 UN) 21mm,SKU328,UN,ENDODONTIA,1,2026-04-21 23:40:52.867488+00,2026-04-21 23:40:52.867488+00
4aacc95e-5b3a-4bd8-9381-4fa1e94b72d9,LIMA Nº 70 (6 UN) 25mm,SKU329,UN,ENDODONTIA,1,2026-04-21 23:40:53.07678+00,2026-04-21 23:40:53.07678+00
be7f7a2b-42f7-412a-9526-59db46caa88d,LIMA Nº 70 (6 UN) 32mm,SKU330,UN,ENDODONTIA,1,2026-04-21 23:40:53.285618+00,2026-04-21 23:40:53.285618+00
a30e5e73-0620-4a08-a921-4ee0257b6057,LIMA ROTATÓRIA (PROTAPER),SKU334,UN,ENDODONTIA,4,2026-04-21 23:40:54.123781+00,2026-04-21 23:40:54.123781+00
af64990e-59e1-4ce3-b1a0-e46d19395950,LIMPA FÁCIL,SKU104,UN,LIMPEZA,40,2026-04-21 23:39:49.032727+00,2026-04-21 23:39:49.032727+00
83a3719c-ea80-4fe7-a472-0fdca642f3b9,LIVRO PROTOCOLO,SKU028,UN,ESCRITÓRIO,1,2026-04-21 23:39:32.253452+00,2026-04-21 23:39:32.253452+00
05c197ad-5e3d-4382-a122-3a436c411290,LIXA DE AÇO 4 MM (12 UN),SKU201,UN,MATERIAL ODONTOLÓGICO,26,2026-04-21 23:40:26.982428+00,2026-04-21 23:40:26.982428+00
cee2b23d-41e7-44d8-86c0-96abf080c138,LIXA DE RESINA,SKU202,UN,MATERIAL ODONTOLÓGICO,1,2026-04-21 23:40:27.170525+00,2026-04-21 23:40:27.170525+00
ab2446ca-bd37-493c-a34a-3583a87445f8,"LIXEIRA (100 L, COM PEDAL)",SKU105,UN,LIMPEZA,1,2026-04-21 23:39:49.225332+00,2026-04-21 23:39:49.225332+00
2da17403-e741-4a6d-913b-6c65d7892932,"LIXEIRA (30 L, COM PEDAL)",SKU106,UN,LIMPEZA,1,2026-04-21 23:39:49.441686+00,2026-04-21 23:39:49.441686+00
351febfe-b7c4-4deb-80ca-e9faf6d8ed5b,LUSTRA MÓVEIS (200 ML),SKU107,UN,LIMPEZA,4,2026-04-21 23:39:49.634374+00,2026-04-21 23:39:49.634374+00
fd1de646-0a05-4461-9924-738eca2a4fa7,LUVA M (CAIXA COM 100 UNIDADES),SKU203,UN,MATERIAL ODONTOLÓGICO,14,2026-04-21 23:40:27.356805+00,2026-04-21 23:40:27.356805+00
ad61ee28-737f-4531-bd91-77ab30029576,LUVA P (CAIXA COM 100 UNIDADES),SKU204,UN,MATERIAL ODONTOLÓGICO,97,2026-04-21 23:40:27.539704+00,2026-04-21 23:40:27.539704+00
b0e2a75b-1690-42c9-8217-c90cceacb6c9,LUVA P/ LIMPEZA,SKU108,UN,LIMPEZA,1,2026-04-21 23:39:49.842993+00,2026-04-21 23:39:49.842993+00
3d25e29b-0d56-4f03-b5c6-03433dd1c72d,LUVA P/ LIMPEZA G,SKU109,UN,LIMPEZA,8,2026-04-21 23:39:50.026587+00,2026-04-21 23:39:50.026587+00
3cb9b7d5-3617-4395-b431-92f2362dc5ed,LUVA P/ LIMPEZA GG,SKU110,UN,LIMPEZA,1,2026-04-21 23:39:50.225757+00,2026-04-21 23:39:50.225757+00
35c8d322-61e5-4464-9f85-a23793244941,LUVA P/ LIMPEZA P,SKU111,UN,LIMPEZA,1,2026-04-21 23:39:50.423373+00,2026-04-21 23:39:50.423373+00
3d4d3fe4-b79a-42ba-aa76-010c6cf7b7e3,LUVA PP (CAIXA COM 100 UNIDADES),SKU205,UN,MATERIAL ODONTOLÓGICO,198,2026-04-21 23:40:27.742402+00,2026-04-21 23:40:27.742402+00
d27e2892-1aed-4dde-9608-12f0783207c6,MARCA TEXTO,SKU029,UN,ESCRITÓRIO,2,2026-04-21 23:39:32.452701+00,2026-04-21 23:39:32.452701+00
d95dc8d2-cf6d-4040-8c9c-8f15f1ab25d2,MARCADOR DE CÉDULA,SKU030,UN,ESCRITÓRIO,2,2026-04-21 23:39:32.650097+00,2026-04-21 23:39:32.650097+00
2b51b755-7439-498b-ade9-bd09b25bfadb,MARCADOR PERMANENTE,SKU031,UN,ESCRITÓRIO,1,2026-04-21 23:39:32.838845+00,2026-04-21 23:39:32.838845+00
588db24a-0a8b-4c21-8504-e1d1043911ff,MÁSCARA SEMI FACIAL FILTRANTE,SKU367,UN,INSTRUMENTAL,1,2026-04-21 23:41:00.835551+00,2026-04-21 23:41:00.835551+00
7d648d88-8a78-41bb-8b71-229af30c72f5,MATRIZ DE AÇO 5,SKU206,UN,MATERIAL ODONTOLÓGICO,7,2026-04-21 23:40:28.016212+00,2026-04-21 23:40:28.016212+00
75537485-8171-43f8-955f-11f577755df6,MATRIZ DE AÇO 7,SKU207,UN,MATERIAL ODONTOLÓGICO,4,2026-04-21 23:40:28.226707+00,2026-04-21 23:40:28.226707+00
faa97d3e-6a50-4806-ae6e-ed970b423b55,MICROBRUSH (100 UN),SKU208,UN,MATERIAL ODONTOLÓGICO,32,2026-04-21 23:40:28.421255+00,2026-04-21 23:40:28.421255+00
9e57dc21-1c42-4ccc-a2a1-682c11945bae,MORDEDOR DE BORRACHA,SKU368,UN,INSTRUMENTAL,1,2026-04-21 23:41:01.042869+00,2026-04-21 23:41:01.042869+00
5826b81a-79ab-41f7-a793-dd278f9a20ae,MOUSE PAD,SKU032,UN,ESCRITÓRIO,1,2026-04-21 23:39:33.048731+00,2026-04-21 23:39:33.048731+00
a75bbeb5-ee06-43f4-98e1-eeb9fd0d3bbb,OBTURADOR PROVISÓRIO (25 G),SKU209,UN,MATERIAL ODONTOLÓGICO,9,2026-04-21 23:40:28.639767+00,2026-04-21 23:40:28.639767+00
131f1be1-a2a9-48b4-a235-03124b5f0925,ÓLEO DE PONTAS (200 ML),SKU210,UN,MATERIAL ODONTOLÓGICO,1,2026-04-21 23:40:28.85253+00,2026-04-21 23:40:28.85253+00
47196db8-588d-40bb-a729-f28ca878a9bb,OTOSPORIN (1 UN),SKU053,UN,FARMÁCIA,2,2026-04-21 23:39:37.413044+00,2026-04-21 23:39:37.413044+00
13223d6f-3e81-4060-b2c0-75aa85752cb2,PÁ COM CABO,SKU112,UN,LIMPEZA,1,2026-04-21 23:39:50.603302+00,2026-04-21 23:39:50.603302+00
a3159bfa-e42c-4d7e-be3d-8f44b44eb375,PANFLETO APLICATIVO,SKU074,UN,GRÁFICO,1,2026-04-21 23:39:42.382567+00,2026-04-21 23:39:42.382567+00
d4dc8f87-950e-454d-a82e-a9610cf90aad,PANFLETO FORTALEZA,SKU075,UN,GRÁFICO,1,2026-04-21 23:39:42.59743+00,2026-04-21 23:39:42.59743+00
18cd92b8-4c4b-4e29-897e-c47804c309bc,PANFLETO SOBRAL,SKU076,UN,GRÁFICO,1,2026-04-21 23:39:42.821195+00,2026-04-21 23:39:42.821195+00
0b04ae43-1958-4342-8614-4e4f4231a460,PANO DE CHÃO,SKU113,UN,LIMPEZA,13,2026-04-21 23:39:50.79062+00,2026-04-21 23:39:50.79062+00
c0d66cd1-a8c3-479c-896c-2eabcd1ec3c5,PANO P/ COPA (UN),SKU114,UN,LIMPEZA,3,2026-04-21 23:39:50.986839+00,2026-04-21 23:39:50.986839+00
14d97246-996b-4d8e-9ea1-a6ab182414c3,PAPEL HIGIÊNICO (und),SKU115,UN,LIMPEZA,120,2026-04-21 23:39:51.17222+00,2026-04-21 23:39:51.17222+00
dc633d12-1f24-453c-b155-6b8e769282e6,PAPEL OFÍCIO A4,SKU033,UN,ESCRITÓRIO,17,2026-04-21 23:39:33.240668+00,2026-04-21 23:39:33.240668+00
7a09f901-e7cd-4837-b512-676e0c25c9cb,PAPEL TIMBRADO,SKU077,UN,GRÁFICO,1,2026-04-21 23:39:43.032489+00,2026-04-21 23:39:43.032489+00
6bba1396-6897-47aa-ba04-4c8fd1a97697,PAPEL TOALHA (1000 UN),SKU116,UN,LIMPEZA,43,2026-04-21 23:39:51.35037+00,2026-04-21 23:39:51.35037+00
7eece8a5-dff7-458b-992c-4b318983261e,PAPEL TOALHA BRANCO (1000 UN),SKU117,UN,LIMPEZA,47,2026-04-21 23:39:51.529731+00,2026-04-21 23:39:51.529731+00
c6dba51e-0806-4ac0-9e9d-5bf4d71e89cd,PARACETAMOL (10 UN),SKU054,UN,FARMÁCIA,1,2026-04-21 23:39:37.609701+00,2026-04-21 23:39:37.609701+00
e3a91778-cd2d-4304-8677-1efef4b2e3b1,PARES ALAVANCA (CURVA),SKU369,UN,INSTRUMENTAL,1,2026-04-21 23:41:01.26959+00,2026-04-21 23:41:01.26959+00
7fe819cb-706c-40ac-b988-fe28a5caa39f,PASTA COLEGIAL 17 MM,SKU034,UN,ESCRITÓRIO,1,2026-04-21 23:39:33.432809+00,2026-04-21 23:39:33.432809+00
1813bdbf-90fa-4e15-a1cf-6ef999aad21b,PASTA ODONTOART,SKU078,UN,GRÁFICO,1,2026-04-21 23:39:43.257676+00,2026-04-21 23:39:43.257676+00
3c9d5025-d1b1-4f24-a696-0001f95a5623,PASTA PROFILATICA (90 G),SKU211,UN,MATERIAL ODONTOLÓGICO,8,2026-04-21 23:40:29.04306+00,2026-04-21 23:40:29.04306+00
7e59fd00-7237-471e-bbb6-570758a75a58,PASTA REALCE,SKU118,UN,LIMPEZA,5,2026-04-21 23:39:51.727863+00,2026-04-21 23:39:51.727863+00
303168f2-8c6c-4b23-9c94-c4468d02f7b4,PASTA SANFONADA,SKU035,UN,ESCRITÓRIO,1,2026-04-21 23:39:33.649978+00,2026-04-21 23:39:33.649978+00
0eba5b63-1196-41b9-b0b3-2d7d5e0b0725,PEDRA P/ SANITÁRIO,SKU119,UN,LIMPEZA,8,2026-04-21 23:39:51.9314+00,2026-04-21 23:39:51.9314+00
48987cfa-a954-4f2b-afc2-87c7a106820a,PEDRA POMES (1 KG),SKU212,UN,MATERIAL ODONTOLÓGICO,1,2026-04-21 23:40:29.271951+00,2026-04-21 23:40:29.271951+00
27243596-b50c-4b84-95c5-75ab75319af2,PELÍCULA DE RX (UN),SKU213,UN,MATERIAL ODONTOLÓGICO,980,2026-04-21 23:40:29.511965+00,2026-04-21 23:40:29.511965+00
af1972e3-6907-4480-9b9c-b6f1f726510c,PELÍCULA DE RX INFANTIL (UN),SKU214,UN,MATERIAL ODONTOLÓGICO,40,2026-04-21 23:40:29.697393+00,2026-04-21 23:40:29.697393+00
30facbbc-ba97-4521-b2f7-991b7c6e831e,PERFEX,SKU120,UN,LIMPEZA,3,2026-04-21 23:39:52.114037+00,2026-04-21 23:39:52.114037+00
b99f1f7e-3ab9-444b-ad9f-c3ad76174807,PILHAS AA (PAR),SKU036,UN,ESCRITÓRIO,2,2026-04-21 23:39:33.843944+00,2026-04-21 23:39:33.843944+00
1efed119-89bc-4e76-ac69-0e62ca712569,PILHAS PALITO (PAR),SKU037,UN,ESCRITÓRIO,2,2026-04-21 23:39:34.052308+00,2026-04-21 23:39:34.052308+00
c95c077a-f8e6-46ca-b0b7-b7db8d068eaa,PINCEL PILOTO,SKU038,UN,ESCRITÓRIO,1,2026-04-21 23:39:34.243314+00,2026-04-21 23:39:34.243314+00
e152d0f0-868a-4c31-97cc-dacfb2005d5f,PLACA DE VIDRO,SKU370,UN,INSTRUMENTAL,1,2026-04-21 23:41:01.486184+00,2026-04-21 23:41:01.486184+00
6e6e98c8-ef38-4eb2-b7dc-7444afdc67ea,PONTA DE PROFI,SKU371,UN,INSTRUMENTAL,1,2026-04-21 23:41:01.680055+00,2026-04-21 23:41:01.680055+00
07bbf0d8-6abf-45c5-9d1c-a833af855bce,PORTA AGULHA DE MAYO,SKU372,UN,INSTRUMENTAL,1,2026-04-21 23:41:01.899118+00,2026-04-21 23:41:01.899118+00
dc827e29-d6d1-4ce4-9961-e1827dccfe01,PORTA ALGODÃO INOX,SKU373,UN,INSTRUMENTAL,1,2026-04-21 23:41:02.098116+00,2026-04-21 23:41:02.098116+00
dc3ad35c-91fa-495f-83f6-db122d56081a,PORTA CANETA,SKU039,UN,ESCRITÓRIO,1,2026-04-21 23:39:34.424704+00,2026-04-21 23:39:34.424704+00
98fdaf68-ad4c-4e5d-957d-3e39afa33ada,PORTA COPOS,SKU121,UN,LIMPEZA,1,2026-04-21 23:39:52.308733+00,2026-04-21 23:39:52.308733+00
5d7782bb-84ca-4375-8fc8-f72a8ab8398c,PORTA ESPONJA,SKU122,UN,LIMPEZA,1,2026-04-21 23:39:52.502991+00,2026-04-21 23:39:52.502991+00
ca1946b9-ae52-4bce-93e7-5fa41936d90b,PORTA MATRIZ,SKU374,UN,INSTRUMENTAL,1,2026-04-21 23:41:02.320326+00,2026-04-21 23:41:02.320326+00
5ed360a1-50bc-427c-8c41-b8973647b26f,PORTA PAPEL TOALHA,SKU123,UN,LIMPEZA,1,2026-04-21 23:39:52.711138+00,2026-04-21 23:39:52.711138+00
e614dc9b-4e21-4b3c-b2b6-5fcccb4ee0e9,PORTA ROLINHO DE ALGODÃO INOX,SKU375,UN,INSTRUMENTAL,1,2026-04-21 23:41:02.554969+00,2026-04-21 23:41:02.554969+00
5835e57b-ad02-45cf-8f23-891a5d752d4d,PORTA SABONETE LÍQUIDO,SKU124,UN,LIMPEZA,1,2026-04-21 23:39:52.894265+00,2026-04-21 23:39:52.894265+00
e5c5306a-0812-4cc8-a988-7d6eaa0dd2d5,POTE DAPEN,SKU215,UN,MATERIAL ODONTOLÓGICO,1,2026-04-21 23:40:29.913317+00,2026-04-21 23:40:29.913317+00
97f256b3-d1eb-4672-9aaa-d4aacd474087,POTES DE PLASTICO P/ ROLINHOS,SKU376,UN,INSTRUMENTAL,1,2026-04-21 23:41:02.791613+00,2026-04-21 23:41:02.791613+00
6dc7d613-d6f2-4e46-b882-9c402df10b70,PRANCHETA,SKU040,UN,ESCRITÓRIO,1,2026-04-21 23:39:34.636735+00,2026-04-21 23:39:34.636735+00
5e2a5047-5a2b-4047-9e3b-e2e2ee386ce7,REABASTECEDOR DE PINCEL,SKU041,UN,ESCRITÓRIO,1,2026-04-21 23:39:34.872701+00,2026-04-21 23:39:34.872701+00
d329a208-f662-49b4-8621-b0d6834927af,RECIBO PARTICULAR,SKU079,UN,GRÁFICO,15,2026-04-21 23:39:43.47704+00,2026-04-21 23:39:43.47704+00
11183b49-488a-487f-9057-68871ac3667b,RÉGUA,SKU042,UN,ESCRITÓRIO,1,2026-04-21 23:39:35.096708+00,2026-04-21 23:39:35.096708+00
50f80eb0-2a0c-4397-b8a9-7d0eb3de0869,RÉGUA MELIMETRADA,SKU377,UN,INSTRUMENTAL,1,2026-04-21 23:41:03.002948+00,2026-04-21 23:41:03.002948+00
e6d9329a-fd43-4a44-a08d-98df8b0b6949,RELÓGIO DE PAREDE,SKU043,UN,ESCRITÓRIO,1,2026-04-21 23:39:35.297888+00,2026-04-21 23:39:35.297888+00
1b3e2022-c058-494e-aa19-1247c57d8cce,RESINA A1,SKU216,UN,MATERIAL ODONTOLÓGICO,6,2026-04-21 23:40:30.108646+00,2026-04-21 23:40:30.108646+00
30b77eff-5376-45e1-b9db-ad450eaf4088,RESINA A2 (TAMBÉM P/ ORTO),SKU217,UN,MATERIAL ODONTOLÓGICO,58,2026-04-21 23:40:30.32018+00,2026-04-21 23:40:30.32018+00
731db8a8-f069-4e4d-8bd0-e41ba8245e4e,RESINA A3 (4 G),SKU218,UN,MATERIAL ODONTOLÓGICO,14,2026-04-21 23:40:30.509848+00,2026-04-21 23:40:30.509848+00
3012ccc2-4a98-4f0e-9508-ff21ceb32a97,"RESINA A3,5 (4 G)",SKU219,UN,MATERIAL ODONTOLÓGICO,14,2026-04-21 23:40:30.701808+00,2026-04-21 23:40:30.701808+00
36aae5ab-cf93-43c1-8560-5681cc489257,RESINA A4 (4 G),SKU220,UN,MATERIAL ODONTOLÓGICO,6,2026-04-21 23:40:30.911708+00,2026-04-21 23:40:30.911708+00
9989789c-720c-4a93-a9ec-c7cde7cb0e57,RESINA B2 (4 G),SKU221,UN,MATERIAL ODONTOLÓGICO,2,2026-04-21 23:40:31.130233+00,2026-04-21 23:40:31.130233+00
7a560437-4659-4f9e-ad13-0535525283ba,RESINA B3 (4 G),SKU222,UN,MATERIAL ODONTOLÓGICO,1,2026-04-21 23:40:31.348323+00,2026-04-21 23:40:31.348323+00
81b0108e-7b90-4470-acec-26f16e70d714,RESINA C2 (4 G),SKU223,UN,MATERIAL ODONTOLÓGICO,2,2026-04-21 23:40:31.551795+00,2026-04-21 23:40:31.551795+00
8231ae8d-250a-42ee-9ab9-1711a580e678,RESINA C3 (4 G),SKU224,UN,MATERIAL ODONTOLÓGICO,1,2026-04-21 23:40:31.747203+00,2026-04-21 23:40:31.747203+00
2d753881-f55f-4d1e-88a8-cd3d1da295d8,RESINA C4 (4 G),SKU225,UN,MATERIAL ODONTOLÓGICO,1,2026-04-21 23:40:31.960952+00,2026-04-21 23:40:31.960952+00
4742bfe0-9dda-493b-adc6-34578cd8e605,RESINA FLOW,SKU226,UN,MATERIAL ODONTOLÓGICO,1,2026-04-21 23:40:32.158068+00,2026-04-21 23:40:32.158068+00
753d7da4-45e9-4528-9ef9-6072d54299b7,REVELADOR (500 ML),SKU227,UN,MATERIAL ODONTOLÓGICO,7,2026-04-21 23:40:32.358259+00,2026-04-21 23:40:32.358259+00
85a42a33-f105-4e80-b931-0ee1fcbe2a3c,RODO (40 CM),SKU125,UN,LIMPEZA,1,2026-04-21 23:39:53.089567+00,2026-04-21 23:39:53.089567+00
f9e73b7a-4887-4bb9-8ab7-c72f75ffbf9c,ROLINHOS (100 UN),SKU228,UN,MATERIAL ODONTOLÓGICO,180,2026-04-21 23:40:32.567018+00,2026-04-21 23:40:32.567018+00
8bebe5ca-69f7-4096-b308-8d238f7ef21a,ROLOPACK (1000 M),SKU229,UN,MATERIAL ODONTOLÓGICO,2,2026-04-21 23:40:32.762987+00,2026-04-21 23:40:32.762987+00
4569554e-daf0-478a-8cfb-38c085fa6015,SABÃO EM PO (500 G),SKU127,UN,LIMPEZA,29,2026-04-21 23:39:53.474313+00,2026-04-21 23:39:53.474313+00
6943b4ea-faaf-4e9f-96ed-ecde08eb3103,SABONETE LIQ (5 L),SKU128,UN,LIMPEZA,6,2026-04-21 23:39:53.676327+00,2026-04-21 23:39:53.676327+00
77ab1804-b8c9-4d15-ada9-88a377acfbf8,SACO P LIXO (100 L),SKU129,UN,LIMPEZA,130,2026-04-21 23:39:53.858524+00,2026-04-21 23:39:53.858524+00
f9202a7e-383c-430f-adbb-b7853c577af9,SACO P LIXO (40 L),SKU130,UN,LIMPEZA,20,2026-04-21 23:39:54.043146+00,2026-04-21 23:39:54.043146+00
46222efc-61ac-4b65-a904-eecdcfe66c17,SACO P/ TRABALHO,SKU131,UN,LIMPEZA,300,2026-04-21 23:39:54.266066+00,2026-04-21 23:39:54.266066+00
a7d640b9-c4ed-4b8d-9b46-dd72fc0c9c7a,SACO PARA ARQUIVO,SKU044,UN,ESCRITÓRIO,1,2026-04-21 23:39:35.511291+00,2026-04-21 23:39:35.511291+00
692ee56a-c85d-4501-a941-1c699240301f,SACO SÉPTICO (100 L),SKU132,UN,LIMPEZA,5,2026-04-21 23:39:54.467763+00,2026-04-21 23:39:54.467763+00
a1ed831a-8b10-47af-aed9-9d8ae0055bed,SACO SÉPTICO (30 L),SKU133,UN,LIMPEZA,10,2026-04-21 23:39:54.667578+00,2026-04-21 23:39:54.667578+00
3266e98d-5322-4690-97bc-7514ceacde02,SELADORA,SKU378,UN,INSTRUMENTAL,1,2026-04-21 23:41:03.213763+00,2026-04-21 23:41:03.213763+00
04948528-5500-43a7-837a-ddb597d4d870,SELANTE (2 G),SKU230,UN,MATERIAL ODONTOLÓGICO,3,2026-04-21 23:40:32.966989+00,2026-04-21 23:40:32.966989+00
7a629631-40eb-42fe-ba4d-9ad1ce8e1e86,SERINGA CARPULE,SKU379,UN,INSTRUMENTAL,1,2026-04-21 23:41:03.430093+00,2026-04-21 23:41:03.430093+00
cdd519fe-c147-44c5-a3b2-6ca961889d66,SERINGA DESCARTÁVEL COM AGULHA,SKU231,UN,MATERIAL ODONTOLÓGICO,13,2026-04-21 23:40:33.170066+00,2026-04-21 23:40:33.170066+00
a453eae4-17eb-45c7-8b07-3ae9cb02ba9a,SINDESMÓTOMO,SKU380,UN,INSTRUMENTAL,1,2026-04-21 23:41:03.648382+00,2026-04-21 23:41:03.648382+00
67f27c62-5e25-4aef-ad27-5b39fd383e31,SONRISAL (2 UN),SKU055,UN,FARMÁCIA,2,2026-04-21 23:39:37.821077+00,2026-04-21 23:39:37.821077+00
ec15de85-4a36-4309-9502-08609e427d59,SORO FISIÓLOGICO (500 ML),SKU232,UN,MATERIAL ODONTOLÓGICO,7,2026-04-21 23:40:33.367275+00,2026-04-21 23:40:33.367275+00
9fa8672d-7521-431d-bda1-bb76e65de83e,SUGADOR CIRÚRGICO (UN),SKU233,UN,MATERIAL ODONTOLÓGICO,22,2026-04-21 23:40:33.589394+00,2026-04-21 23:40:33.589394+00
85d578b8-ec03-47b7-9e34-9ecf55e83817,SUGADOR DESCARTÁVEL (40 UN),SKU234,UN,MATERIAL ODONTOLÓGICO,169,2026-04-21 23:40:33.786525+00,2026-04-21 23:40:33.786525+00
23e764f2-c0c4-4b19-8a76-bea58666ea14,SUGADOR ENDODÔNTICO (20 UN)PCT,SKU235,UN,MATERIAL ODONTOLÓGICO,9,2026-04-21 23:40:33.989398+00,2026-04-21 23:40:33.989398+00
611bb0c9-dbcb-4ed8-b9d0-5a51cc4196c5,TARTARITE,SKU236,UN,MATERIAL ODONTOLÓGICO,1,2026-04-21 23:40:34.19479+00,2026-04-21 23:40:34.19479+00
663685f2-9bac-41f4-9f5f-40dda58f691c,TELA P/ PIA,SKU237,UN,MATERIAL ODONTOLÓGICO,1,2026-04-21 23:40:34.404662+00,2026-04-21 23:40:34.404662+00
9d7184c6-725b-440e-b89f-245f2dac79b4,TELA P/ PIA,SKU134,UN,LIMPEZA,1,2026-04-21 23:39:54.848584+00,2026-04-21 23:39:54.848584+00
b996224e-73e7-4a3f-97b1-60ce9c6b2a9e,TELEFONE INTELBRAS,SKU045,UN,ESCRITÓRIO,1,2026-04-21 23:39:35.725284+00,2026-04-21 23:39:35.725284+00
4d1dd694-f84b-443d-8866-bca6b33a9097,TESOURA,SKU381,UN,INSTRUMENTAL,1,2026-04-21 23:41:03.84881+00,2026-04-21 23:41:03.84881+00
74892857-d869-4f7a-9f74-4f0e9b8d63f0,TESOURA GRANDE,SKU046,UN,ESCRITÓRIO,1,2026-04-21 23:39:35.952894+00,2026-04-21 23:39:35.952894+00
c9ab538b-4478-427c-b662-8f6597b406c7,TESOURA PEQUENA,SKU047,UN,ESCRITÓRIO,1,2026-04-21 23:39:36.172941+00,2026-04-21 23:39:36.172941+00
36fcc698-df53-48c2-abc6-986690a60356,TESOURA RETA,SKU382,UN,INSTRUMENTAL,1,2026-04-21 23:41:04.052069+00,2026-04-21 23:41:04.052069+00
c065ecba-8a87-48aa-bcb9-6e9d7fe93b51,TINTA PARA ALMOFADA (40 ML),SKU048,UN,ESCRITÓRIO,1,2026-04-21 23:39:36.376743+00,2026-04-21 23:39:36.376743+00
38af91a7-164a-47c0-95a6-3c94c843bf3d,"TIRA DE POLIÉSTER - 10 X 120 X 0,5 (50 UN)",SKU238,UN,MATERIAL ODONTOLÓGICO,5,2026-04-21 23:40:34.600636+00,2026-04-21 23:40:34.600636+00
145c0eb0-bcc4-41c6-89fb-011b39eb7517,TOALHAS (UN),SKU239,UN,MATERIAL ODONTOLÓGICO,4,2026-04-21 23:40:34.802537+00,2026-04-21 23:40:34.802537+00
9b9b4922-da3a-4b1d-939e-67e66c65060f,TOALHAS LIMPEZA (UN),SKU135,UN,LIMPEZA,17,2026-04-21 23:39:55.065198+00,2026-04-25 00:31:06.02327+00
a479f9c4-c40e-495d-be6b-3d92fd141232,TOUCA (100 UN),SKU240,UN,MATERIAL ODONTOLÓGICO,51,2026-04-21 23:40:34.990831+00,2026-04-21 23:40:34.990831+00
8fefa83a-77db-44d6-bee9-0632c587770c,TRICRESOL (10 ML),SKU241,UN,MATERIAL ODONTOLÓGICO,3,2026-04-21 23:40:35.192151+00,2026-04-21 23:40:35.192151+00
40fc4fc5-c60f-4655-a2b1-7776bb3d5fa0,UMEDECEDOR DE DEDOS,SKU049,UN,ESCRITÓRIO,1,2026-04-21 23:39:36.589329+00,2026-04-21 23:39:36.589329+00
c7d7b3c7-17e7-4ab4-b246-3fc24c4abeab,VALE S/ CANHOTO,SKU050,UN,ESCRITÓRIO,1,2026-04-21 23:39:36.775272+00,2026-04-21 23:39:36.775272+00
85733750-38b1-40a0-9aaa-b68eb99b6ff9,VASELINA (30 G),SKU242,UN,MATERIAL ODONTOLÓGICO,2,2026-04-21 23:40:35.397493+00,2026-04-21 23:40:35.397493+00
ed59a9e5-f8dd-40a7-a25f-8029c38c659e,VASSOURA DE PÊLO (UN),SKU136,UN,LIMPEZA,1,2026-04-21 23:39:55.253167+00,2026-04-21 23:39:55.253167+00
2e34d65f-9a23-404a-9e5d-44677b57e07e,VASSOURA DE PIAÇAVA,SKU137,UN,LIMPEZA,1,2026-04-21 23:39:55.447447+00,2026-04-21 23:39:55.447447+00
a4604b76-a29b-4c1a-b862-73c4641a72b1,VEJA (MULTIUSO),SKU138,UN,LIMPEZA,9,2026-04-21 23:39:55.631379+00,2026-04-21 23:39:55.631379+00
d745352f-c803-4afa-86b0-85442c7b0c9c,VENENO,SKU139,UN,LIMPEZA,1,2026-04-21 23:39:55.828708+00,2026-04-21 23:39:55.828708+00
0e3fdd43-e554-43aa-9d2d-31829879a3ec,VERNIZ CAVITINE,SKU243,UN,MATERIAL ODONTOLÓGICO,1,2026-04-21 23:40:35.600089+00,2026-04-21 23:40:35.600089+00
